{"cameraMode":{"drawMode":0,"name":"Shaded","section":"Shading Mode"},"sceneLighting":false,"audioPlay":false,"sceneViewState":{"m_AlwaysRefresh":true,"showFog":true,"showSkybox":false,"showFlares":true,"showImageEffects":true,"showParticleSystems":true,"showVisualEffectGraphs":true,"m_FxEnabled":true},"in2DMode":false,"pivot":{"x":22.510099411010743,"y":-29.892478942871095,"z":14.964787483215332},"rotation":{"x":-0.3214784562587738,"y":-0.17559140920639039,"z":0.06079950928688049,"w":-0.9285220503807068},"size":36.220645904541019,"orthographic":false}