{"cameraMode":{"drawMode":0,"name":"Shaded","section":"Shading Mode"},"sceneLighting":false,"audioPlay":false,"sceneViewState":{"m_AlwaysRefresh":true,"showFog":true,"showSkybox":false,"showFlares":true,"showImageEffects":true,"showParticleSystems":true,"showVisualEffectGraphs":true,"m_FxEnabled":true},"in2DMode":false,"pivot":{"x":-7.679019927978516,"y":16.964759826660158,"z":1.5354537963867188},"rotation":{"x":-0.11066412180662155,"y":-0.8350208401679993,"z":0.18220455944538117,"w":-0.5074036121368408},"size":0.8660253882408142,"orthographic":false}