{"cameraMode":{"drawMode":0,"name":"Shaded","section":"Shading Mode"},"sceneLighting":false,"audioPlay":false,"sceneViewState":{"m_AlwaysRefresh":true,"showFog":true,"showSkybox":false,"showFlares":true,"showImageEffects":true,"showParticleSystems":true,"showVisualEffectGraphs":true,"m_FxEnabled":true},"in2DMode":false,"pivot":{"x":17.165645599365236,"y":10.261680603027344,"z":-0.37018293142318728},"rotation":{"x":-0.09412143379449845,"y":0.709845244884491,"z":-0.09663955867290497,"w":-0.6913506388664246},"size":4.493120193481445,"orthographic":false}