{"cameraMode":{"drawMode":0,"name":"Shaded","section":"Shading Mode"},"sceneLighting":true,"audioPlay":false,"sceneViewState":{"m_AlwaysRefresh":true,"showFog":true,"showSkybox":true,"showFlares":true,"showImageEffects":true,"showParticleSystems":true,"showVisualEffectGraphs":true,"m_FxEnabled":true},"in2DMode":false,"pivot":{"x":889.5089111328125,"y":435.0143737792969,"z":-48.97764205932617},"rotation":{"x":-0.26839590072631838,"y":-0.032132770866155627,"z":0.008639303036034108,"w":-0.9629698991775513},"size":85.21658325195313,"orthographic":false}