{"cameraMode":{"drawMode":0,"name":"Shaded","section":"Shading Mode"},"sceneLighting":true,"audioPlay":false,"sceneViewState":{"m_AlwaysRefresh":true,"showFog":true,"showSkybox":true,"showFlares":true,"showImageEffects":true,"showParticleSystems":true,"showVisualEffectGraphs":true,"m_FxEnabled":true},"in2DMode":false,"pivot":{"x":178.6462860107422,"y":2.878617763519287,"z":167.31690979003907},"rotation":{"x":-0.44474199414253237,"y":0.16673579812049867,"z":-0.08464930951595307,"w":-0.8759437799453735},"size":78.63265228271485,"orthographic":false}