{"cameraMode":{"drawMode":0,"name":"Shaded","section":"Shading Mode"},"sceneLighting":true,"audioPlay":false,"sceneViewState":{"m_AlwaysRefresh":true,"showFog":true,"showSkybox":true,"showFlares":true,"showImageEffects":true,"showParticleSystems":true,"showVisualEffectGraphs":true,"m_FxEnabled":true},"in2DMode":false,"pivot":{"x":4.833743095397949,"y":10.506595611572266,"z":-14.210293769836426},"rotation":{"x":-0.22335851192474366,"y":0.027117686346173288,"z":-0.006248162593692541,"w":-0.9745102524757385},"size":2.2637903690338136,"orthographic":false}