{"cameraMode":{"drawMode":0,"name":"Shaded","section":"Shading Mode"},"sceneLighting":true,"audioPlay":false,"sceneViewState":{"m_AlwaysRefresh":true,"showFog":true,"showSkybox":true,"showFlares":true,"showImageEffects":true,"showParticleSystems":true,"showVisualEffectGraphs":true,"m_FxEnabled":true},"in2DMode":false,"pivot":{"x":-2.601860284805298,"y":20.187360763549806,"z":-38.757171630859378},"rotation":{"x":-0.3436427116394043,"y":-0.05011850222945213,"z":0.018368378281593324,"w":-0.9375993609428406},"size":10.652118682861329,"orthographic":false}