{"cameraMode":{"drawMode":0,"name":"Shaded","section":"Shading Mode"},"sceneLighting":true,"audioPlay":false,"sceneViewState":{"m_AlwaysRefresh":true,"showFog":true,"showSkybox":true,"showFlares":true,"showImageEffects":true,"showParticleSystems":true,"showVisualEffectGraphs":true,"m_FxEnabled":true},"in2DMode":false,"pivot":{"x":61.19245529174805,"y":61.35573196411133,"z":362.92950439453127},"rotation":{"x":-0.5320044159889221,"y":0.03260384500026703,"z":-0.020913291722536088,"w":-0.8461245894432068},"size":6.123724460601807,"orthographic":false}