{"cameraMode":{"drawMode":0,"name":"Shaded","section":"Shading Mode"},"sceneLighting":true,"audioPlay":false,"sceneViewState":{"m_AlwaysRefresh":true,"showFog":true,"showSkybox":true,"showFlares":true,"showImageEffects":true,"showParticleSystems":true,"showVisualEffectGraphs":true,"m_FxEnabled":true},"in2DMode":false,"pivot":{"x":261.49481201171877,"y":2.0632741451263429,"z":217.27481079101563},"rotation":{"x":-0.430400013923645,"y":0.05464053526520729,"z":-0.026113489642739297,"w":-0.9006121754646301},"size":101.7160415649414,"orthographic":false}