{"cameraMode":{"drawMode":0,"name":"Shaded","section":"Shading Mode"},"sceneLighting":false,"audioPlay":false,"sceneViewState":{"m_AlwaysRefresh":true,"showFog":true,"showSkybox":false,"showFlares":true,"showImageEffects":true,"showParticleSystems":true,"showVisualEffectGraphs":true,"m_FxEnabled":true},"in2DMode":false,"pivot":{"x":-0.023705558851361276,"y":10.206745147705079,"z":1.949102759361267},"rotation":{"x":-0.0012621041387319565,"y":0.7585228085517883,"z":-0.6517229080200195,"w":-0.0013324449537321926},"size":1.4142135381698609,"orthographic":false}